Date,Price
7/30/2015,0
7/31/2015,0
8/1/2015,0
8/2/2015,0
8/3/2015,0
8/4/2015,0
8/5/2015,0
8/6/2015,0
8/7/2015,2.77
8/8/2015,0.81
8/9/2015,0.74
8/10/2015,0.68
8/11/2015,1.06
8/12/2015,1.25
8/13/2015,1.78
8/14/2015,1.8
8/15/2015,1.79
8/16/2015,1.37
8/17/2015,1.2
8/18/2015,1.27
8/19/2015,1.26
8/20/2015,1.48
8/21/2015,1.44
8/22/2015,1.39
8/23/2015,1.35
8/24/2015,1.24
8/25/2015,1.17
8/26/2015,1.16
8/27/2015,1.13
8/28/2015,1.3
8/29/2015,1.18
8/30/2015,1.32
8/31/2015,1.35
9/1/2015,1.35
9/2/2015,1.29
9/3/2015,1.26
9/4/2015,1.27
9/5/2015,1.37
9/6/2015,1.3
9/7/2015,1.24
9/8/2015,1.23
9/9/2015,1.21
9/10/2015,1.16
9/11/2015,0.98
9/12/2015,1.04
9/13/2015,0.94
9/14/2015,0.87
9/15/2015,0.94
9/16/2015,0.9
9/17/2015,0.89
9/18/2015,0.85
9/19/2015,0.89
9/20/2015,0.94
9/21/2015,0.9
9/22/2015,0.9
9/23/2015,0.9
9/24/2015,0.81
9/25/2015,0.74
9/26/2015,0.78
9/27/2015,0.72
9/28/2015,0.59
9/29/2015,0.68
9/30/2015,0.72
10/1/2015,0.68
10/2/2015,0.68
10/3/2015,0.69
10/4/2015,0.67
10/5/2015,0.63
10/6/2015,0.66
10/7/2015,0.61
10/8/2015,0.62
10/9/2015,0.65
10/10/2015,0.63
10/11/2015,0.63
10/12/2015,0.63
10/13/2015,0.6
10/14/2015,0.51
10/15/2015,0.56
10/16/2015,0.53
10/17/2015,0.55
10/18/2015,0.52
10/19/2015,0.49
10/20/2015,0.44
10/21/2015,0.44
10/22/2015,0.59
10/23/2015,0.52
10/24/2015,0.57
10/25/2015,0.65
10/26/2015,0.74
10/27/2015,0.87
10/28/2015,1.01
10/29/2015,1.16
10/30/2015,1.04
10/31/2015,0.89
11/1/2015,1.05
11/2/2015,0.96
11/3/2015,1
11/4/2015,0.87
11/5/2015,0.89
11/6/2015,0.92
11/7/2015,0.92
11/8/2015,1.02
11/9/2015,1
11/10/2015,0.92
11/11/2015,0.78
11/12/2015,0.89
11/13/2015,0.89
11/14/2015,0.89
11/15/2015,0.9
11/16/2015,0.94
11/17/2015,1
11/18/2015,0.99
11/19/2015,0.95
11/20/2015,0.93
11/21/2015,0.97
11/22/2015,0.96
11/23/2015,0.94
11/24/2015,0.91
11/25/2015,0.86
11/26/2015,0.88
11/27/2015,0.87
11/28/2015,0.91
11/29/2015,0.87
11/30/2015,0.88
12/1/2015,0.87
12/2/2015,0.83
12/3/2015,0.82
12/4/2015,0.84
12/5/2015,0.85
12/6/2015,0.84
12/7/2015,0.8
12/8/2015,0.83
12/9/2015,0.79
12/10/2015,0.84
12/11/2015,0.91
12/12/2015,0.97
12/13/2015,0.96
12/14/2015,0.99
12/15/2015,1.01
12/16/2015,0.99
12/17/2015,0.94
12/18/2015,0.91
12/19/2015,0.9
12/20/2015,0.9
12/21/2015,0.89
12/22/2015,0.87
12/23/2015,0.85
12/24/2015,0.85
12/25/2015,0.87
12/26/2015,0.85
12/27/2015,0.85
12/28/2015,0.84
12/29/2015,0.87
12/30/2015,0.9
12/31/2015,0.93
1/1/2016,0.93
1/2/2016,0.93
1/3/2016,0.97
1/4/2016,0.95
1/5/2016,0.95
1/6/2016,0.96
1/7/2016,0.95
1/8/2016,0.99
1/9/2016,0.99
1/10/2016,0.99
1/11/2016,1.05
1/12/2016,1.23
1/13/2016,1.13
1/14/2016,1.16
1/15/2016,1.22
1/16/2016,1.22
1/17/2016,1.31
1/18/2016,1.47
1/19/2016,1.37
1/20/2016,1.53
1/21/2016,1.54
1/22/2016,1.52
1/23/2016,2.03
1/24/2016,2.1
1/25/2016,2.5
1/26/2016,2.3
1/27/2016,2.42
1/28/2016,2.55
1/29/2016,2.41
1/30/2016,2.43
1/31/2016,2.2
2/1/2016,2.17
2/2/2016,2.45
2/3/2016,2.53
2/4/2016,2.57
2/5/2016,2.57
2/6/2016,2.53
2/7/2016,3
2/8/2016,3.16
2/9/2016,3.76
2/10/2016,4.35
2/11/2016,6.38
2/12/2016,5.27
2/13/2016,5.22
2/14/2016,5.2
2/15/2016,5.22
2/16/2016,4.25
2/17/2016,3.86
2/18/2016,4.36
2/19/2016,4.45
2/20/2016,4.37
2/21/2016,4.63
2/22/2016,5.6
2/23/2016,5.7
2/24/2016,6.23
2/25/2016,5.93
2/26/2016,6.03
2/27/2016,6.31
2/28/2016,6.5
2/29/2016,6.35
3/1/2016,7.59
3/2/2016,8.7
3/3/2016,9.35
3/4/2016,9.96
3/5/2016,11
3/6/2016,10.98
3/7/2016,9.5
3/8/2016,9.88
3/9/2016,11.55
3/10/2016,11.11
3/11/2016,11.25
3/12/2016,13.25
3/13/2016,15
3/14/2016,12.5
3/15/2016,13.09
3/16/2016,12.92
3/17/2016,11.14
3/18/2016,10.75
3/19/2016,10.55
3/20/2016,10.06
3/21/2016,11.97
3/22/2016,10.96
3/23/2016,12.29
3/24/2016,11.13
3/25/2016,10.69
3/26/2016,11
3/27/2016,10.5
3/28/2016,11.58
3/29/2016,11.73
3/30/2016,11.88
3/31/2016,11.41
4/1/2016,11.63
4/2/2016,11.61
4/3/2016,11.58
4/4/2016,11.1
4/5/2016,10.39
4/6/2016,10.79
4/7/2016,10.08
4/8/2016,9.74
4/9/2016,9.16
4/10/2016,8.8
4/11/2016,8.72
4/12/2016,7.54
4/13/2016,8.02
4/14/2016,8.48
4/15/2016,8.22
4/16/2016,8.48
4/17/2016,9.45
4/18/2016,8.92
4/19/2016,8.77
4/20/2016,8.54
4/21/2016,8.16
4/22/2016,7.83
4/23/2016,8.31
4/24/2016,8
4/25/2016,7.43
4/26/2016,7.5
4/27/2016,7.77
4/28/2016,7.3
4/29/2016,7.52
4/30/2016,8.83
5/1/2016,8.76
5/2/2016,10.03
5/3/2016,9.37
5/4/2016,9.43
5/5/2016,9.79
5/6/2016,9.27
5/7/2016,9.3
5/8/2016,9.44
5/9/2016,9.32
5/10/2016,9.39
5/11/2016,9.97
5/12/2016,10.1
5/13/2016,10.48
5/14/2016,10.14
5/15/2016,9.94
5/16/2016,11.04
5/17/2016,12.26
5/18/2016,13.29
5/19/2016,14.49
5/20/2016,13.73
5/21/2016,13.95
5/22/2016,14.21
5/23/2016,13.45
5/24/2016,12.62
5/25/2016,12.53
5/26/2016,12.37
5/27/2016,11.11
5/28/2016,11.56
5/29/2016,12.28
5/30/2016,12.48
5/31/2016,13.85
6/1/2016,13.83
6/2/2016,13.78
6/3/2016,13.78
6/4/2016,13.66
6/5/2016,13.85
6/6/2016,13.96
6/7/2016,14.41
6/8/2016,14.44
6/9/2016,14.49
6/10/2016,13.97
6/11/2016,14.01
6/12/2016,15.57
6/13/2016,17.55
6/14/2016,18.7
6/15/2016,18.3
6/16/2016,20.61
6/17/2016,15.49
6/18/2016,11.36
6/19/2016,12.33
6/20/2016,11.7
6/21/2016,12.71
6/22/2016,13.21
6/23/2016,13.58
6/24/2016,14.25
6/25/2016,14.28
6/26/2016,13.82
6/27/2016,14.04
6/28/2016,12.15
6/29/2016,12.76
6/30/2016,12.4
7/1/2016,12.23
7/2/2016,12.04
7/3/2016,11.85
7/4/2016,11.34
7/5/2016,10.45
7/6/2016,10.51
7/7/2016,10.07
7/8/2016,11.3
7/9/2016,10.92
7/10/2016,10.97
7/11/2016,10.58
7/12/2016,10.54
7/13/2016,10.44
7/14/2016,11.55
7/15/2016,11.88
7/16/2016,11.59
7/17/2016,11.19
7/18/2016,11.03
7/19/2016,11.63
7/20/2016,12.54
7/21/2016,12.66
7/22/2016,14.82
7/23/2016,14.4
7/24/2016,12.63
7/25/2016,13.84
7/26/2016,12.08
7/27/2016,13.05
7/28/2016,12.87
7/29/2016,12.87
7/30/2016,12.57
7/31/2016,11.86
8/1/2016,11.04
8/2/2016,8.3
8/3/2016,10.42
8/4/2016,11.21
8/5/2016,11.05
8/6/2016,10.95
8/7/2016,10.98
8/8/2016,11.29
8/9/2016,12.22
8/10/2016,12.22
8/11/2016,11.68
8/12/2016,11.78
8/13/2016,11.56
8/14/2016,11.21
8/15/2016,11.21
8/16/2016,11.17
8/17/2016,10.77
8/18/2016,10.77
8/19/2016,10.71
8/20/2016,11.28
8/21/2016,11.14
8/22/2016,11.07
8/23/2016,11.01
8/24/2016,11.01
8/25/2016,11.35
8/26/2016,11.26
8/27/2016,11.19
8/28/2016,10.99
8/29/2016,10.95
8/30/2016,11.21
8/31/2016,11.55
9/1/2016,12.21
9/2/2016,12.08
9/3/2016,11.85
9/4/2016,11.71
9/5/2016,11.75
9/6/2016,11.7
9/7/2016,11.59
9/8/2016,11.39
9/9/2016,11.72
9/10/2016,12.05
9/11/2016,11.64
9/12/2016,11.89
9/13/2016,11.92
9/14/2016,11.97
9/15/2016,11.96
9/16/2016,12.61
9/17/2016,12.83
9/18/2016,12.39
9/19/2016,12.93
9/20/2016,14.72
9/21/2016,13.72
9/22/2016,13.11
9/23/2016,13.36
9/24/2016,12.91
9/25/2016,13.05
9/26/2016,12.89
9/27/2016,13.09
9/28/2016,13.3
9/29/2016,13.17
9/30/2016,13.24
10/1/2016,13.21
10/2/2016,13.23
10/3/2016,13.45
10/4/2016,13.32
10/5/2016,13.09
10/6/2016,12.87
10/7/2016,12.68
10/8/2016,12.24
10/9/2016,12.06
10/10/2016,11.74
10/11/2016,11.75
10/12/2016,11.77
10/13/2016,12.02
10/14/2016,11.9
10/15/2016,11.96
10/16/2016,11.93
10/17/2016,11.98
10/18/2016,12.5
10/19/2016,11.98
10/20/2016,12.05
10/21/2016,12.07
10/22/2016,12.06
10/23/2016,11.95
10/24/2016,11.93
10/25/2016,11.38
10/26/2016,11.5
10/27/2016,11.43
10/28/2016,11.08
10/29/2016,10.39
10/30/2016,11.22
10/31/2016,10.91
11/1/2016,10.75
11/2/2016,10.82
11/3/2016,10.86
11/4/2016,11.13
11/5/2016,11.11
11/6/2016,10.97
11/7/2016,10.9
11/8/2016,10.86
11/9/2016,10.64
11/10/2016,10.52
11/11/2016,10.29
11/12/2016,9.96
11/13/2016,10.13
11/14/2016,10
11/15/2016,10.22
11/16/2016,10.01
11/17/2016,9.95
11/18/2016,9.53
11/19/2016,9.7
11/20/2016,9.57
11/21/2016,9.56
11/22/2016,9.84
11/23/2016,9.78
11/24/2016,9.22
11/25/2016,9.39
11/26/2016,9.34
11/27/2016,8.91
11/28/2016,8.67
11/29/2016,8.18
11/30/2016,8.59
12/1/2016,8.44
12/2/2016,7.65
12/3/2016,7.9
12/4/2016,7.54
12/5/2016,6.69
12/6/2016,7.61
12/7/2016,8.35
12/8/2016,8.3
12/9/2016,8.52
12/10/2016,8.09
12/11/2016,8.2
12/12/2016,8.45
12/13/2016,8.4
12/14/2016,8.23
12/15/2016,7.76
12/16/2016,7.85
12/17/2016,7.66
12/18/2016,7.89
12/19/2016,7.61
12/20/2016,7.59
12/21/2016,7.87
12/22/2016,7.64
12/23/2016,7.16
12/24/2016,7.23
12/25/2016,7.19
12/26/2016,7.21
12/27/2016,7.15
12/28/2016,7.57
12/29/2016,8.21
12/30/2016,8.16
12/31/2016,8.05
1/1/2017,8.14
1/2/2017,8.34
1/3/2017,9.6
1/4/2017,10.88
1/5/2017,10.2
1/6/2017,10.07
1/7/2017,9.79
1/8/2017,10.27
1/9/2017,10.2
1/10/2017,10.55
1/11/2017,9.83
1/12/2017,9.81
1/13/2017,9.78
1/14/2017,9.78
1/15/2017,9.88
1/16/2017,9.59
1/17/2017,10.14
1/18/2017,10.19
1/19/2017,10.43
1/20/2017,10.6
1/21/2017,10.91
1/22/2017,10.71
1/23/2017,10.78
1/24/2017,10.51
1/25/2017,10.51
1/26/2017,10.65
1/27/2017,10.51
1/28/2017,10.54
1/29/2017,10.47
1/30/2017,10.62
1/31/2017,10.71
2/1/2017,10.71
2/2/2017,10.78
2/3/2017,10.95
2/4/2017,11.32
2/5/2017,11.22
2/6/2017,11.32
2/7/2017,11.45
2/8/2017,11.39
2/9/2017,10.94
2/10/2017,11.34
2/11/2017,11.43
2/12/2017,11.42
2/13/2017,11.39
2/14/2017,13
2/15/2017,12.97
2/16/2017,12.95
2/17/2017,12.72
2/18/2017,12.83
2/19/2017,12.82
2/20/2017,12.52
2/21/2017,12.77
2/22/2017,12.69
2/23/2017,13.13
2/24/2017,13.11
2/25/2017,13.57
2/26/2017,14.59
2/27/2017,15.55
2/28/2017,16.07
3/1/2017,17.55
3/2/2017,19.08
3/3/2017,19.48
3/4/2017,18.61
3/5/2017,19.22
3/6/2017,19.75
3/7/2017,18.91
3/8/2017,16.54
3/9/2017,17.71
3/10/2017,19.13
3/11/2017,21.45
3/12/2017,23.31
3/13/2017,28.45
3/14/2017,28.58
3/15/2017,35.18
3/16/2017,45.51
3/17/2017,44.48
3/18/2017,34
3/19/2017,43.12
3/20/2017,42.51
3/21/2017,42.67
3/22/2017,41.65
3/23/2017,43.2
3/24/2017,53.19
3/25/2017,50.62
3/26/2017,50.63
3/27/2017,49.06
3/28/2017,50.25
3/29/2017,53.07
3/30/2017,51.91
3/31/2017,49.91
4/1/2017,50.6
4/2/2017,48.55
4/3/2017,44.13
4/4/2017,44.43
4/5/2017,44.9
4/6/2017,43.23
4/7/2017,42.31
4/8/2017,44.37
4/9/2017,43.72
4/10/2017,43.74
4/11/2017,43.74
4/12/2017,46.38
4/13/2017,49.97
4/14/2017,47.32
4/15/2017,48.89
4/16/2017,48.22
4/17/2017,47.94
4/18/2017,49.88
4/19/2017,47.88
4/20/2017,49.36
4/21/2017,48.27
4/22/2017,48.41
4/23/2017,48.75
4/24/2017,49.94
4/25/2017,50.09
4/26/2017,53.28
4/27/2017,63.14
4/28/2017,72.42
4/29/2017,69.83
4/30/2017,79.83
5/1/2017,77.53
5/2/2017,77.25
5/3/2017,80.37
5/4/2017,94.55
5/5/2017,90.79
5/6/2017,94.82
5/7/2017,90.46
5/8/2017,88.39
5/9/2017,86.27
5/10/2017,87.83
5/11/2017,88.2
5/12/2017,85.15
5/13/2017,87.96
5/14/2017,88.72
5/15/2017,90.32
5/16/2017,87.8
5/17/2017,86.98
5/18/2017,95.88
5/19/2017,124.38
5/20/2017,123.06
5/21/2017,148
5/22/2017,160.39
5/23/2017,169.5
5/24/2017,193.03
5/25/2017,177.33
5/26/2017,162.83
5/27/2017,156.63
5/28/2017,172.86
5/29/2017,194.17
5/30/2017,228.58
5/31/2017,228.64
6/1/2017,220.7
6/2/2017,222.04
6/3/2017,224.3
6/4/2017,244.96
6/5/2017,247.75
6/6/2017,264.26
6/7/2017,255.77
6/8/2017,259.41
6/9/2017,279.11
6/10/2017,335.95
6/11/2017,339.68
6/12/2017,394.66
6/13/2017,388.09
6/14/2017,343.84
6/15/2017,344.68
6/16/2017,353.61
6/17/2017,368.1
6/18/2017,351.53
6/19/2017,358.2
6/20/2017,350.53
6/21/2017,325.3
6/22/2017,320.97
6/23/2017,326.85
6/24/2017,304.54
6/25/2017,279.36
6/26/2017,253.68
6/27/2017,286.14
6/28/2017,315.86
6/29/2017,292.9
6/30/2017,280.68
7/1/2017,261
7/2/2017,283.99
7/3/2017,276.41
7/4/2017,269.05
7/5/2017,266
7/6/2017,265.88
7/7/2017,240.94
7/8/2017,245.67
7/9/2017,237.72
7/10/2017,205.76
7/11/2017,190.55
7/12/2017,224.15
7/13/2017,205.41
7/14/2017,197.14
7/15/2017,169.1
7/16/2017,155.42
7/17/2017,189.97
7/18/2017,227.09
7/19/2017,194.41
7/20/2017,226.33
7/21/2017,216.33
7/22/2017,230.47
7/23/2017,228.32
7/24/2017,225.48
7/25/2017,203.59
7/26/2017,202.88
7/27/2017,202.93
7/28/2017,191.21
7/29/2017,206.14
7/30/2017,196.78
7/31/2017,201.33
8/1/2017,225.9
8/2/2017,218.12
8/3/2017,224.39
8/4/2017,220.6
8/5/2017,253.09
8/6/2017,264.56
8/7/2017,269.94
8/8/2017,296.51
8/9/2017,295.28
8/10/2017,298.28
8/11/2017,309.32
8/12/2017,308.02
8/13/2017,296.62
8/14/2017,299.16
8/15/2017,286.52
8/16/2017,301.38
8/17/2017,300.3
8/18/2017,292.62
8/19/2017,293.02
8/20/2017,298.2
8/21/2017,321.85
8/22/2017,313.37
8/23/2017,317.4
8/24/2017,325.28
8/25/2017,330.06
8/26/2017,332.86
8/27/2017,347.88
8/28/2017,347.66
8/29/2017,372.35
8/30/2017,383.86
8/31/2017,388.33
9/1/2017,391.42
9/2/2017,351.03
9/3/2017,352.45
9/4/2017,303.7
9/5/2017,317.94
9/6/2017,338.92
9/7/2017,335.37
9/8/2017,306.72
9/9/2017,303.79
9/10/2017,299.21
9/11/2017,297.95
9/12/2017,294.1
9/13/2017,275.84
9/14/2017,223.14
9/15/2017,259.57
9/16/2017,254.49
9/17/2017,258.4
9/18/2017,297.53
9/19/2017,283
9/20/2017,283.56
9/21/2017,257.77
9/22/2017,262.94
9/23/2017,286.14
9/24/2017,282.6
9/25/2017,294.89
9/26/2017,288.64
9/27/2017,309.97
9/28/2017,302.77
9/29/2017,292.58
9/30/2017,302.77
10/1/2017,303.95
10/2/2017,296.81
10/3/2017,291.81
10/4/2017,291.68
10/5/2017,294.99
10/6/2017,308.33
10/7/2017,311.26
10/8/2017,309.49
10/9/2017,296.95
10/10/2017,298.46
10/11/2017,302.86
10/12/2017,302.89
10/13/2017,336.83
10/14/2017,338.81
10/15/2017,336.58
10/16/2017,334.23
10/17/2017,316.14
10/18/2017,313.54
10/19/2017,307.41
10/20/2017,303.08
10/21/2017,299.55
10/22/2017,294.03
10/23/2017,285.27
10/24/2017,296.5
10/25/2017,296.35
10/26/2017,295.54
10/27/2017,296.36
10/28/2017,293.35
10/29/2017,304.04
10/30/2017,306.8
10/31/2017,303.64
11/1/2017,289.42
11/2/2017,284.92
11/3/2017,304.51
11/4/2017,300.04
11/5/2017,296.23
11/6/2017,296.82
11/7/2017,291.84
11/8/2017,307.35
11/9/2017,319.66
11/10/2017,296.86
11/11/2017,314.23
11/12/2017,306.02
11/13/2017,314.6
11/14/2017,334.72
11/15/2017,331.2
11/16/2017,330.32
11/17/2017,331.72
11/18/2017,346.65
11/19/2017,354.6
11/20/2017,367.71
11/21/2017,360.52
11/22/2017,380.84
11/23/2017,406.57
11/24/2017,470.43
11/25/2017,464.61
11/26/2017,470.54
11/27/2017,475.24
11/28/2017,466.27
11/29/2017,427.42
11/30/2017,434.85
12/1/2017,461.58
12/2/2017,457.96
12/3/2017,462.81
12/4/2017,466.93
12/5/2017,453.96
12/6/2017,422.48
12/7/2017,421.15
12/8/2017,451.74
12/9/2017,472.86
12/10/2017,436.49
12/11/2017,513.29
12/12/2017,656.52
12/13/2017,699.09
12/14/2017,693.58
12/15/2017,684.27
12/16/2017,692.83
12/17/2017,717.71
12/18/2017,785.99
12/19/2017,812.5
12/20/2017,799.17
12/21/2017,789.39
12/22/2017,657.83
12/23/2017,700.44
12/24/2017,675.91
12/25/2017,723.14
12/26/2017,753.4
12/27/2017,739.94
12/28/2017,716.69
12/29/2017,739.6
12/30/2017,692.99
12/31/2017,741.13
1/1/2018,756.2
1/2/2018,861.97
1/3/2018,941.1
1/4/2018,944.83
1/5/2018,967.13
1/6/2018,1006.41
1/7/2018,1117.75
1/8/2018,1136.11
1/9/2018,1289.24
1/10/2018,1248.99
1/11/2018,1139.32
1/12/2018,1261.03
1/13/2018,1385.02
1/14/2018,1359.48
1/15/2018,1278.69
1/16/2018,1050.26
1/17/2018,1024.69
1/18/2018,1012.97
1/19/2018,1037.36
1/20/2018,1150.5
1/21/2018,1049.09
1/22/2018,999.64
1/23/2018,984.47
1/24/2018,1061.78
1/25/2018,1046.37
1/26/2018,1048.58
1/27/2018,1109.08
1/28/2018,1231.58
1/29/2018,1169.96
1/30/2018,1063.75
1/31/2018,1111.31
2/1/2018,1026.19
2/2/2018,917.47
2/3/2018,970.87
2/4/2018,827.59
2/5/2018,695.08
2/6/2018,785.01
2/7/2018,751.81
2/8/2018,813.55
2/9/2018,877.88
2/10/2018,850.75
2/11/2018,811.24
2/12/2018,865.27
2/13/2018,840.98
2/14/2018,920.11
2/15/2018,927.95
2/16/2018,938.02
2/17/2018,974.77
2/18/2018,913.9
2/19/2018,939.79
2/20/2018,885.52
2/21/2018,840.1
2/22/2018,804.63
2/23/2018,854.7
2/24/2018,833.49
2/25/2018,840.28
2/26/2018,867.62
2/27/2018,871.58
2/28/2018,851.5
3/1/2018,869.87
3/2/2018,855.6
3/3/2018,855.65
3/4/2018,864.83
3/5/2018,849.42
3/6/2018,815.69
3/7/2018,751.13
3/8/2018,698.83
3/9/2018,726.92
3/10/2018,682.3
3/11/2018,720.36
3/12/2018,697.02
3/13/2018,689.96
3/14/2018,613.15
3/15/2018,610.56
3/16/2018,600.53
3/17/2018,549.79
3/18/2018,537.38
3/19/2018,555.55
3/20/2018,557.57
3/21/2018,559.91
3/22/2018,539.89
3/23/2018,543.83
3/24/2018,520.16
3/25/2018,523.01
3/26/2018,486.25
3/27/2018,448.78
3/28/2018,445.93
3/29/2018,383.9
3/30/2018,393.82
3/31/2018,394.07
4/1/2018,378.85
4/2/2018,384.68
4/3/2018,415.93
4/4/2018,378.65
4/5/2018,381.36
4/6/2018,370.35
4/7/2018,384.98
4/8/2018,400.72
4/9/2018,399.02
4/10/2018,415.65
4/11/2018,430.42
4/12/2018,493.95
4/13/2018,494.96
4/14/2018,502.79
4/15/2018,534.15
4/16/2018,511.67
4/17/2018,503.03
4/18/2018,525.78
4/19/2018,567.25
4/20/2018,617.16
4/21/2018,605.17
4/22/2018,621.33
4/23/2018,644.13
4/24/2018,703.35
4/25/2018,617.73
4/26/2018,661.45
4/27/2018,643.33
4/28/2018,683.02
4/29/2018,689.31
4/30/2018,670.04
5/1/2018,670.81
5/2/2018,686.74
5/3/2018,777.62
5/4/2018,784.21
5/5/2018,816.58
5/6/2018,790.39
5/7/2018,752.4
5/8/2018,747.79
5/9/2018,751.27
5/10/2018,723.61
5/11/2018,677.8
5/12/2018,683.64
5/13/2018,729.34
5/14/2018,727.41
5/15/2018,705.64
5/16/2018,706.72
5/17/2018,668.38
5/18/2018,693.57
5/19/2018,696.05
5/20/2018,715.15
5/21/2018,696.73
5/22/2018,640.84
5/23/2018,577.01
5/24/2018,602.59
5/25/2018,584.77
5/26/2018,585.76
5/27/2018,569.64
5/28/2018,512.03
5/29/2018,566.59
5/30/2018,557.12
5/31/2018,577.23
6/1/2018,579.01
6/2/2018,590.53
6/3/2018,619.04
6/4/2018,591.31
6/5/2018,608.23
6/6/2018,606.3
6/7/2018,604.44
6/8/2018,599.55
6/9/2018,593.38
6/10/2018,524.74
6/11/2018,531.15
6/12/2018,494.53
6/13/2018,476.3
6/14/2018,519.83
6/15/2018,487.51
6/16/2018,497.22
6/17/2018,496.74
6/18/2018,517.63
6/19/2018,538.45
6/20/2018,536.16
6/21/2018,525.77
6/22/2018,462.16
6/23/2018,474.18
6/24/2018,455.25
6/25/2018,458.82
6/26/2018,429.58
6/27/2018,441.75
6/28/2018,420.72
6/29/2018,435.25
6/30/2018,453.42
7/1/2018,451.95
7/2/2018,476.58
7/3/2018,461.95
7/4/2018,467.19
7/5/2018,467.55
7/6/2018,469.93
7/7/2018,485.81
7/8/2018,486.19
7/9/2018,471.48
7/10/2018,432.69
7/11/2018,445.59
7/12/2018,430.91
7/13/2018,432.46
7/14/2018,433.74
7/15/2018,449.62
7/16/2018,478.75
7/17/2018,499.06
7/18/2018,479.02
7/19/2018,468.65
7/20/2018,448.84
7/21/2018,461.04
7/22/2018,457.65
7/23/2018,449.63
7/24/2018,479.47
7/25/2018,471.28
7/26/2018,462.03
7/27/2018,469.69
7/28/2018,468.55
7/29/2018,466.2
7/30/2018,456.56
7/31/2018,431.99
8/1/2018,419.87
8/2/2018,410.83
8/3/2018,417.62
8/4/2018,406.91
8/5/2018,408.81
8/6/2018,404.95
8/7/2018,377.94
8/8/2018,355.57
8/9/2018,363.51
8/10/2018,331.57
8/11/2018,318.01
8/12/2018,318.2
8/13/2018,284.03
8/14/2018,278.31
8/15/2018,281.24
8/16/2018,286.8
8/17/2018,317.57
8/18/2018,294.85
8/19/2018,299.62
8/20/2018,270.81
8/21/2018,281.13
8/22/2018,270.37
8/23/2018,275.83
8/24/2018,281.37
8/25/2018,277.56
8/26/2018,274.3
8/27/2018,288.02
8/28/2018,295.55
8/29/2018,288.67
8/30/2018,284.15
8/31/2018,281.66
9/1/2018,295.36
9/2/2018,295.02
9/3/2018,288.97
9/4/2018,285.23
9/5/2018,228.27
9/6/2018,229.52
9/7/2018,215.14
9/8/2018,196.77
9/9/2018,195.99
9/10/2018,197.14
9/11/2018,185.15
9/12/2018,183.03
9/13/2018,211.27
9/14/2018,208.87
9/15/2018,221.63
9/16/2018,220.12
9/17/2018,196.04
9/18/2018,208.39
9/19/2018,209.78
9/20/2018,224.76
9/21/2018,247.69
9/22/2018,240.78
9/23/2018,244.55
9/24/2018,227.92
9/25/2018,219.2
9/26/2018,214.21
9/27/2018,229.09
9/28/2018,221.56
9/29/2018,231.32
9/30/2018,232.6
10/1/2018,230.89
10/2/2018,225.41
10/3/2018,219.97
10/4/2018,221.76
10/5/2018,227.9
10/6/2018,224.62
10/7/2018,225.65
10/8/2018,229.33
10/9/2018,227.49
10/10/2018,225.26
10/11/2018,189.83
10/12/2018,195.97
10/13/2018,199.45
10/14/2018,194.99
10/15/2018,210.8
10/16/2018,210.22
10/17/2018,207.6
10/18/2018,202.49
10/19/2018,202.86
10/20/2018,205.08
10/21/2018,204.77
10/22/2018,203.6
10/23/2018,203.7
10/24/2018,202.92
10/25/2018,201.23
10/26/2018,203.37
10/27/2018,202.79
10/28/2018,203.72
10/29/2018,195.67
10/30/2018,196.19
10/31/2018,197.85
11/1/2018,198.73
11/2/2018,201.02
11/3/2018,199.47
11/4/2018,211.3
11/5/2018,209.7
11/6/2018,219.56
11/7/2018,217.99
11/8/2018,211.29
11/9/2018,209.39
11/10/2018,211.9
11/11/2018,211.7
11/12/2018,210.81
11/13/2018,206.42
11/14/2018,182.72
11/15/2018,181.53
11/16/2018,174.84
11/17/2018,174.22
11/18/2018,177.53
11/19/2018,148.22
11/20/2018,130.74
11/21/2018,136.5
11/22/2018,124.83
11/23/2018,123.37
11/24/2018,112.75
11/25/2018,116.75
11/26/2018,108.87
11/27/2018,110.19
11/28/2018,122.88
11/29/2018,117.48
11/30/2018,112.87
12/1/2018,118.5
12/2/2018,115.96
12/3/2018,108.23
12/4/2018,109.82
12/5/2018,101.57
12/6/2018,90.43
12/7/2018,93.61
12/8/2018,91.44
12/9/2018,94.42
12/10/2018,90.7
12/11/2018,88.05
12/12/2018,90.52
12/13/2018,86.39
12/14/2018,83.9
12/15/2018,84.27
12/16/2018,85.39
12/17/2018,95.44
12/18/2018,102.44
12/19/2018,100.63
12/20/2018,116.43
12/21/2018,109.44
12/22/2018,118.36
12/23/2018,131.56
12/24/2018,140.87
12/25/2018,130.99
12/26/2018,132.61
12/27/2018,116.72
12/28/2018,139.73
12/29/2018,137.3
12/30/2018,141.33
12/31/2018,133.49
1/1/2019,142.66
1/2/2019,156.57
1/3/2019,149.44
1/4/2019,156.04
1/5/2019,156.23
1/6/2019,158.61
1/7/2019,152.09
1/8/2019,151.1
1/9/2019,151.17
1/10/2019,127.96
1/11/2019,127.16
1/12/2019,125.83
1/13/2019,116.56
1/14/2019,129.74
1/15/2019,121.22
1/16/2019,123.12
1/17/2019,123.72
1/18/2019,120.57
1/19/2019,124.85
1/20/2019,118.41
1/21/2019,116.72
1/22/2019,119.12
1/23/2019,117.57
1/24/2019,117.7
1/25/2019,115.92
1/26/2019,116.33
1/27/2019,112.27
1/28/2019,106.36
1/29/2019,104.75
1/30/2019,109.04
1/31/2019,106.89
2/1/2019,107.03
2/2/2019,111
2/3/2019,107.21
2/4/2019,106.9
2/5/2019,106.93
2/6/2019,104.5
2/7/2019,104.3
2/8/2019,119.49
2/9/2019,119.46
2/10/2019,125.58
2/11/2019,120.76
2/12/2019,122.63
2/13/2019,122.31
2/14/2019,120.85
2/15/2019,122.02
2/16/2019,123.26
2/17/2019,134.28
2/18/2019,146.53
2/19/2019,144.4
2/20/2019,149.23
2/21/2019,146.36
2/22/2019,149.04
2/23/2019,159.48
2/24/2019,133.42
2/25/2019,139.02
2/26/2019,137.12
2/27/2019,135.94
2/28/2019,136.29
3/1/2019,136.15
3/2/2019,133.81
3/3/2019,131.21
3/4/2019,126.43
3/5/2019,137.93
3/6/2019,138.49
3/7/2019,137.65
3/8/2019,134.42
3/9/2019,138.24
3/10/2019,136.36
3/11/2019,133.54
3/12/2019,134.37
3/13/2019,132.93
3/14/2019,132.89
3/15/2019,137.63
3/16/2019,141.68
3/17/2019,139.74
3/18/2019,138.5
3/19/2019,139.46
3/20/2019,140.22
3/21/2019,135.61
3/22/2019,136.76
3/23/2019,137.74
3/24/2019,136.21
3/25/2019,133.96
3/26/2019,134.29
3/27/2019,140.23
3/28/2019,138.39
3/29/2019,144.41
3/30/2019,143.29
3/31/2019,142.4
4/1/2019,141.85
4/2/2019,164.93
4/3/2019,161.18
4/4/2019,158.07
4/5/2019,166.39
4/6/2019,166.28
4/7/2019,175.57
4/8/2019,181.06
4/9/2019,176.3
4/10/2019,177.39
4/11/2019,165.24
4/12/2019,164.56
4/13/2019,164.53
4/14/2019,168.68
4/15/2019,160.3
4/16/2019,166.9
4/17/2019,167.02
4/18/2019,174.6
4/19/2019,174.13
4/20/2019,173.96
4/21/2019,170.3
4/22/2019,171.9
4/23/2019,170.66
4/24/2019,166.05
4/25/2019,152.99
4/26/2019,156.45
4/27/2019,158.36
4/28/2019,158.05
4/29/2019,156.69
4/30/2019,164.39
5/1/2019,161.42
5/2/2019,161.29
5/3/2019,168.24
5/4/2019,163.61
5/5/2019,163.94
5/6/2019,173.7
5/7/2019,168.59
5/8/2019,171.42
5/9/2019,170.86
5/10/2019,172.5
5/11/2019,192.44
5/12/2019,188.14
5/13/2019,195.83
5/14/2019,217.16
5/15/2019,248.64
5/16/2019,264.47
5/17/2019,244.84
5/18/2019,233.96
5/19/2019,260.9
5/20/2019,252.1
5/21/2019,254.94
5/22/2019,243.46
5/23/2019,245.6
5/24/2019,249.61
5/25/2019,251.49
5/26/2019,268.26
5/27/2019,271.83
5/28/2019,271.45
5/29/2019,269.6
5/30/2019,254.45
5/31/2019,267.42
6/1/2019,264.71
6/2/2019,269.31
6/3/2019,249.61
6/4/2019,241.1
6/5/2019,246.16
6/6/2019,249.43
6/7/2019,249.54
6/8/2019,244.4
6/9/2019,231.43
6/10/2019,247.96
6/11/2019,245.16
6/12/2019,263.05
6/13/2019,255.09
6/14/2019,263.76
6/15/2019,269.22
6/16/2019,268.53
6/17/2019,273.92
6/18/2019,264.51
6/19/2019,269.01
6/20/2019,272.21
6/21/2019,296.03
6/22/2019,309.41
6/23/2019,307.37
6/24/2019,311.22
6/25/2019,316.53
6/26/2019,333.76
6/27/2019,294.07
6/28/2019,309.37
6/29/2019,317.32
6/30/2019,290.15
7/1/2019,294.17
7/2/2019,291.61
7/3/2019,302.17
7/4/2019,283.1
7/5/2019,287.9
7/6/2019,287.98
7/7/2019,306.43
7/8/2019,313.34
7/9/2019,307.89
7/10/2019,288.64
7/11/2019,268.56
7/12/2019,275.41
7/13/2019,268.94
7/14/2019,226.16
7/15/2019,228.14
7/16/2019,198.71
7/17/2019,211.29
7/18/2019,226.09
7/19/2019,221.28
7/20/2019,228.71
7/21/2019,225.4
7/22/2019,217.22
7/23/2019,212.21
7/24/2019,216.66
7/25/2019,219.41
7/26/2019,219.23
7/27/2019,219.85
7/28/2019,211.15
7/29/2019,211.52
7/30/2019,209.82
7/31/2019,218.7
8/1/2019,217.51
8/2/2019,217.7
8/3/2019,217.73
8/4/2019,222.7
8/5/2019,233.19
8/6/2019,228.7
8/7/2019,225.99
8/8/2019,221.18
8/9/2019,210.47
8/10/2019,206.26
8/11/2019,216.39
8/12/2019,211.28
8/13/2019,208.62
8/14/2019,186.49
8/15/2019,188.24
8/16/2019,185.41
8/17/2019,185.69
8/18/2019,194.77
8/19/2019,202.43
8/20/2019,196.55
8/21/2019,187.32
8/22/2019,190.74
8/23/2019,194.64
8/24/2019,191.08
8/25/2019,186.58
8/26/2019,188.46
8/27/2019,187.17
8/28/2019,173.01
8/29/2019,168.95
8/30/2019,168.52
8/31/2019,172.15
9/1/2019,171.42
9/2/2019,178.76
9/3/2019,179.13
9/4/2019,175.01
9/5/2019,174.38
9/6/2019,169.47
9/7/2019,178.32
9/8/2019,181.67
9/9/2019,180.84
9/10/2019,180.01
9/11/2019,178.48
9/12/2019,181.19
9/13/2019,181.56
9/14/2019,188.9
9/15/2019,189.48
9/16/2019,197.85
9/17/2019,207.9
9/18/2019,210.5
9/19/2019,221.01
9/20/2019,218.26
9/21/2019,215.1
9/22/2019,211.23
9/23/2019,200.97
9/24/2019,166.47
9/25/2019,170.22
9/26/2019,166.06
9/27/2019,174.39
9/28/2019,174.14
9/29/2019,169.68
9/30/2019,181.47
10/1/2019,176.39
10/2/2019,181.06
10/3/2019,175.17
10/4/2019,176.21
10/5/2019,176.9
10/6/2019,170.26
10/7/2019,180.49
10/8/2019,181.09
10/9/2019,193.43
10/10/2019,191.73
10/11/2019,180.94
10/12/2019,180.09
10/13/2019,181.37
10/14/2019,186.96
10/15/2019,180.74
10/16/2019,174.76
10/17/2019,177.5
10/18/2019,173.29
10/19/2019,172.37
10/20/2019,175.84
10/21/2019,174.64
10/22/2019,171.64
10/23/2019,162.72
10/24/2019,161.07
10/25/2019,181.79
10/26/2019,180.16
10/27/2019,184.34
10/28/2019,182.09
10/29/2019,191.11
10/30/2019,183.52
10/31/2019,182.59
11/1/2019,183.4
11/2/2019,183.45
11/3/2019,181.92
11/4/2019,186.49
11/5/2019,188.96
11/6/2019,191.24
11/7/2019,186.54
11/8/2019,183.85
11/9/2019,185.11
11/10/2019,189.29
11/11/2019,184.91
11/12/2019,187.09
11/13/2019,188.1
11/14/2019,184.68
11/15/2019,180.03
11/16/2019,182.61
11/17/2019,184.2
11/18/2019,178.23
11/19/2019,175.96
11/20/2019,174.68
11/21/2019,161.18
11/22/2019,150.22
11/23/2019,152.42
11/24/2019,140.42
11/25/2019,146.22
11/26/2019,148
11/27/2019,153.05
11/28/2019,151.31
11/29/2019,154.94
11/30/2019,152.2
12/1/2019,151.36
12/2/2019,149.36
12/3/2019,147.73
12/4/2019,145.73
12/5/2019,148.32
12/6/2019,149.06
12/7/2019,147.79
12/8/2019,151.06
12/9/2019,147.68
12/10/2019,145.92
12/11/2019,143.61
12/12/2019,145.05
12/13/2019,144.97
12/14/2019,142.18
12/15/2019,142.74
12/16/2019,132.68
12/17/2019,122.11
12/18/2019,133.07
12/19/2019,128.31
12/20/2019,128.58
12/21/2019,127.52
12/22/2019,132.56
12/23/2019,128.1
12/24/2019,128.02
12/25/2019,125.1
12/26/2019,125.73
12/27/2019,126.5
12/28/2019,128.21
12/29/2019,134.55
12/30/2019,131.41
12/31/2019,128.91
1/1/2020,130.6
1/2/2020,127.18
1/3/2020,134.25
1/4/2020,134.33
1/5/2020,135.44
1/6/2020,144.28
1/7/2020,143.18
1/8/2020,140.66
1/9/2020,137.9
1/10/2020,144.88
1/11/2020,142.69
1/12/2020,146.55
1/13/2020,143.7
1/14/2020,165.86
1/15/2020,166.22
1/16/2020,164.09
1/17/2020,169.74
1/18/2020,174
1/19/2020,166.94
1/20/2020,166.77
1/21/2020,169.36
1/22/2020,167.79
1/23/2020,162.63
1/24/2020,162.45
1/25/2020,160.36
1/26/2020,167.72
1/27/2020,169.95
1/28/2020,176
1/29/2020,173.55
1/30/2020,184.47
1/31/2020,179.76
2/1/2020,183.66
2/2/2020,188.39
2/3/2020,189.77
2/4/2020,188.44
2/5/2020,203.85
2/6/2020,212.88
2/7/2020,223.14
2/8/2020,223.2
2/9/2020,228.6
2/10/2020,223.11
2/11/2020,237.8
2/12/2020,266.13
2/13/2020,268.56
2/14/2020,285.79
2/15/2020,264.85
2/16/2020,259.43
2/17/2020,268.07
2/18/2020,282.92
2/19/2020,258.72
2/20/2020,257.7
2/21/2020,265.6
2/22/2020,262.31
2/23/2020,275.64
2/24/2020,265.74
2/25/2020,246.84
2/26/2020,223.73
2/27/2020,227.57
2/28/2020,227.56
2/29/2020,217.68
3/1/2020,218.02
3/2/2020,232.09
3/3/2020,223.77
3/4/2020,224.68
3/5/2020,228.7
3/6/2020,245.76
3/7/2020,237.78
3/8/2020,199.68
3/9/2020,203.08
3/10/2020,200.62
3/11/2020,194.86
3/12/2020,109.78
3/13/2020,135.44
3/14/2020,122.58
3/15/2020,123.53
3/16/2020,111.32
3/17/2020,116.3
3/18/2020,118.62
3/19/2020,136.7
3/20/2020,133.4
3/21/2020,132.72
3/22/2020,122.44
3/23/2020,136.74
3/24/2020,139.07
3/25/2020,136.28
3/26/2020,138.97
3/27/2020,131.51
3/28/2020,131.34
3/29/2020,124.55
3/30/2020,132.31
3/31/2020,133.17
4/1/2020,136.05
4/2/2020,141.59
4/3/2020,141.45
4/4/2020,144.49
4/5/2020,142.88
4/6/2020,171.62
4/7/2020,164.66
4/8/2020,173.41
4/9/2020,169.92
4/10/2020,158.12
4/11/2020,158.67
4/12/2020,158.75
4/13/2020,156.82
4/14/2020,158.6
4/15/2020,152.85
4/16/2020,172.58
4/17/2020,170.98
4/18/2020,187.81
4/19/2020,180.34
4/20/2020,170.6
4/21/2020,171
4/22/2020,183.04
4/23/2020,185.68
4/24/2020,187.7
4/25/2020,194.39
4/26/2020,197.78
4/27/2020,196.78
4/28/2020,196.86
4/29/2020,215.55
4/30/2020,206.27
5/1/2020,211.98
5/2/2020,214.15
5/3/2020,210.06
5/4/2020,206.94
5/5/2020,205.48
5/6/2020,199.1
5/7/2020,212.37
5/8/2020,211.54
5/9/2020,210.1
5/10/2020,187.84
5/11/2020,185.88
5/12/2020,189.9
5/13/2020,199.85
5/14/2020,203.32
5/15/2020,194.65
5/16/2020,200.51
5/17/2020,206.98
5/18/2020,214.73
5/19/2020,214.63
5/20/2020,209.85
5/21/2020,198.56
5/22/2020,207.28
5/23/2020,206.7
5/24/2020,199.78
5/25/2020,204.1
5/26/2020,201.03
5/27/2020,208.34
5/28/2020,220.3
5/29/2020,220.56
5/30/2020,243.57
5/31/2020,231.73
6/1/2020,248.21
6/2/2020,237.81
6/3/2020,244.56
6/4/2020,243.35
6/5/2020,240.08
6/6/2020,242.08
6/7/2020,244.75
6/8/2020,246.47
6/9/2020,244
6/10/2020,248.01
6/11/2020,230.21
6/12/2020,237.54
6/13/2020,238.21
6/14/2020,231.61
6/15/2020,230.98
6/16/2020,235.35
6/17/2020,233.76
6/18/2020,231.24
6/19/2020,228.71
6/20/2020,228.89
6/21/2020,227.83
6/22/2020,243.3
6/23/2020,243.16
6/24/2020,234.56
6/25/2020,232.35
6/26/2020,229.46
6/27/2020,220.81
6/28/2020,224.99
6/29/2020,227.86
6/30/2020,225.58
7/1/2020,231.05
7/2/2020,226.49
7/3/2020,225.15
7/4/2020,229.34
7/5/2020,228.03
7/6/2020,241.76
7/7/2020,239.35
7/8/2020,247.11
7/9/2020,242.08
7/10/2020,241.21
7/11/2020,239.25
7/12/2020,242.84
7/13/2020,239.53
7/14/2020,240.44
7/15/2020,238.42
7/16/2020,233.61
7/17/2020,232.77
7/18/2020,235.84
7/19/2020,239.22
7/20/2020,236.16
7/21/2020,245.87
7/22/2020,264.32
7/23/2020,275.65
7/24/2020,279.6
7/25/2020,305.67
7/26/2020,311.47
7/27/2020,322.39
7/28/2020,317.47
7/29/2020,318.27
7/30/2020,335.25
7/31/2020,346.81
8/1/2020,387.41
8/2/2020,371.93
8/3/2020,386.1
8/4/2020,389.79
8/5/2020,401.12
8/6/2020,395.07
8/7/2020,379.57
8/8/2020,397.56
8/9/2020,390.28
8/10/2020,395.84
8/11/2020,378.94
8/12/2020,387.19
8/13/2020,424.97
8/14/2020,438.51
8/15/2020,432.63
8/16/2020,433.85
8/17/2020,431.26
8/18/2020,422.38
8/19/2020,407.85
8/20/2020,416.04
8/21/2020,387.98
8/22/2020,395.46
8/23/2020,390.72
8/24/2020,408.03
8/25/2020,383.34
8/26/2020,386.02
8/27/2020,383.18
8/28/2020,395.54
8/29/2020,398.79
8/30/2020,429.04
8/31/2020,434.1
9/1/2020,475.81
9/2/2020,439.83
9/3/2020,382.46
9/4/2020,385.91
9/5/2020,335.24
9/6/2020,352.69
9/7/2020,353.7
9/8/2020,337.45
9/9/2020,351.15
9/10/2020,368.09
9/11/2020,373.99
9/12/2020,387.88
9/13/2020,366.33
9/14/2020,377.24
9/15/2020,364.19
9/16/2020,365.19
9/17/2020,389.49
9/18/2020,384.66
9/19/2020,385.36
9/20/2020,371.06
9/21/2020,340.19
9/22/2020,344.25
9/23/2020,320.19
9/24/2020,349.18
9/25/2020,352.02
9/26/2020,354.21
9/27/2020,357.67
9/28/2020,354.01
9/29/2020,359.92
9/30/2020,359.86
10/1/2020,353.09
10/2/2020,345.83
10/3/2020,346.32
10/4/2020,352.67
10/5/2020,353.84
10/6/2020,340.85
10/7/2020,341.91
10/8/2020,351.2
10/9/2020,365.41
10/10/2020,370.88
10/11/2020,374.4
10/12/2020,386.91
10/13/2020,381.41
10/14/2020,379.04
10/15/2020,377.82
10/16/2020,365.58
10/17/2020,368.53
10/18/2020,378.44
10/19/2020,379.41
10/20/2020,368.83
10/21/2020,391.46
10/22/2020,414.5
10/23/2020,409.57
10/24/2020,412.52
10/25/2020,406.3
10/26/2020,393.11
10/27/2020,403.74
10/28/2020,388.77
10/29/2020,387.54
10/30/2020,382.76
10/31/2020,386.76
11/1/2020,396.49
11/2/2020,383.61
11/3/2020,388.17
11/4/2020,402.66
11/5/2020,416.89
11/6/2020,456.32
11/7/2020,435.82
11/8/2020,454.74
11/9/2020,444.45
11/10/2020,450.86
11/11/2020,463.91
11/12/2020,462.78
11/13/2020,476.87
11/14/2020,461.03
11/15/2020,448.51
11/16/2020,461.01
11/17/2020,482.71
11/18/2020,478.76
11/19/2020,471.82
11/20/2020,510.43
11/21/2020,552.26
11/22/2020,560.01
11/23/2020,609.13
11/24/2020,604.98
11/25/2020,569.4
11/26/2020,520.22
11/27/2020,518.83
11/28/2020,537.99
11/29/2020,576
11/30/2020,616.14
12/1/2020,586.23
12/2/2020,598.26
12/3/2020,616.55
12/4/2020,567.67
12/5/2020,596.93
12/6/2020,602.3
12/7/2020,591.36
12/8/2020,554.82
12/9/2020,573.44
12/10/2020,558.36
12/11/2020,544.14
12/12/2020,568.26
12/13/2020,590.72
12/14/2020,586.35
12/15/2020,589.17
12/16/2020,637.74
12/17/2020,643.16
12/18/2020,654.55
12/19/2020,658.7
12/20/2020,638.17
12/21/2020,607.9
12/22/2020,637.23
12/23/2020,585.25
12/24/2020,612.32
12/25/2020,626.83
12/26/2020,636.07
12/27/2020,683.98
12/28/2020,729.59
12/29/2020,731.55
12/30/2020,752.53
12/31/2020,737.15
1/1/2021,730.6
1/2/2021,774.9
1/3/2021,978.69
1/4/2021,1043.16
1/5/2021,1103.19
1/6/2021,1210.59
1/7/2021,1225.5
1/8/2021,1216.98
1/9/2021,1279.96
1/10/2021,1255.72
1/11/2021,1088.37
1/12/2021,1050.04
1/13/2021,1129.84
1/14/2021,1232.11
1/15/2021,1169.06
1/16/2021,1228.52
1/17/2021,1233.73
1/18/2021,1258.31
1/19/2021,1367.65
1/20/2021,1377.75
1/21/2021,1111.49
1/22/2021,1234.56
1/23/2021,1234.1
1/24/2021,1392.45
1/25/2021,1318.47
1/26/2021,1368.22
1/27/2021,1241.51
1/28/2021,1330.78
1/29/2021,1379.13
1/30/2021,1379.35
1/31/2021,1314.18
2/1/2021,1374.57
2/2/2021,1513.9
2/3/2021,1667.22
2/4/2021,1597.44
2/5/2021,1721.48
2/6/2021,1679.14
2/7/2021,1614.64
2/8/2021,1752.87
2/9/2021,1772.05
2/10/2021,1743
2/11/2021,1787.69
2/12/2021,1844.84
2/13/2021,1817.48
2/14/2021,1802.96
2/15/2021,1779.4
2/16/2021,1782.83
2/17/2021,1851.14
2/18/2021,1939.61
2/19/2021,1957.47
2/20/2021,1915.12
2/21/2021,1935.14
2/22/2021,1778.07
2/23/2021,1578.19
2/24/2021,1625.17
2/25/2021,1481.88
2/26/2021,1446.1
2/27/2021,1460.23
2/28/2021,1422.58
3/1/2021,1571.49
3/2/2021,1488.67
3/3/2021,1568.65
3/4/2021,1538.37
3/5/2021,1529.75
3/6/2021,1651.48
3/7/2021,1726.33
3/8/2021,1834.48
3/9/2021,1872.1
3/10/2021,1795.63
3/11/2021,1827.06
3/12/2021,1767.77
3/13/2021,1921.18
3/14/2021,1848.69
3/15/2021,1794.83
3/16/2021,1805.64
3/17/2021,1823.03
3/18/2021,1776.16
3/19/2021,1809.76
3/20/2021,1805.49
3/21/2021,1783.94
3/22/2021,1682.05
3/23/2021,1668.69
3/24/2021,1583.24
3/25/2021,1588.34
3/26/2021,1699.89
3/27/2021,1713.94
3/28/2021,1686.74
3/29/2021,1816.48
3/30/2021,1841.4
3/31/2021,1919.08
4/1/2021,1967.67
4/2/2021,2134.46
4/3/2021,2009.19
4/4/2021,2076.62
4/5/2021,2107.73
4/6/2021,2112.29
4/7/2021,1964.18
4/8/2021,2081.11
4/9/2021,2066.55
4/10/2021,2133.82
4/11/2021,2150.54
4/12/2021,2137.79
4/13/2021,2298.66
4/14/2021,2431.86
4/15/2021,2517.08
4/16/2021,2430.91
4/17/2021,2318.01
4/18/2021,2240.96
4/19/2021,2163.36
4/20/2021,2332.45
4/21/2021,2357.59
4/22/2021,2410.48
4/23/2021,2369.67
4/24/2021,2216.56
4/25/2021,2322.14
4/26/2021,2534.9
4/27/2021,2667.93
4/28/2021,2750.91
4/29/2021,2758.46
4/30/2021,2775.96
5/1/2021,2947.8
5/2/2021,2954.22
5/3/2021,3432.21
5/4/2021,3241.09
5/5/2021,3522.18
5/6/2021,3491.74
5/7/2021,3483.96
5/8/2021,3916.25
5/9/2021,3927.06
5/10/2021,3946.42
5/11/2021,4181.28
5/12/2021,3811.29
5/13/2021,3718.99
5/14/2021,4087.02
5/15/2021,3644.04
5/16/2021,3586.18
5/17/2021,3280.73
5/18/2021,3377.65
5/19/2021,2442.89
5/20/2021,2772.84
5/21/2021,2435.86
5/22/2021,2297.03
5/23/2021,2098.57
5/24/2021,2648.77
5/25/2021,2707.49
5/26/2021,2888.94
5/27/2021,2742.48
5/28/2021,2412.36
5/29/2021,2278.58
5/30/2021,2386.91
5/31/2021,2707.38
6/1/2021,2634.23
6/2/2021,2706.52
6/3/2021,2856.01
6/4/2021,2691.17
6/5/2021,2629.76
6/6/2021,2710.99
6/7/2021,2593.12
6/8/2021,2509.23
6/9/2021,2610.64
6/10/2021,2471.56
6/11/2021,2355.09
6/12/2021,2369.62
6/13/2021,2509.7
6/14/2021,2582.12
6/15/2021,2543.6
6/16/2021,2367.7
6/17/2021,2372.31
6/18/2021,2233.57
6/19/2021,2166.61
6/20/2021,2243.6
6/21/2021,1887.89
6/22/2021,1880.83
6/23/2021,1967.95
6/24/2021,1989.01
6/25/2021,1810.27
6/26/2021,1830.94
6/27/2021,1983.33
6/28/2021,2083.8
6/29/2021,2165.61
6/30/2021,2276.14
7/1/2021,2109.29
7/2/2021,2155.65
7/3/2021,2227.18
7/4/2021,2323.27
7/5/2021,2196.71
7/6/2021,2322.63
7/7/2021,2317.12
7/8/2021,2114.51
7/9/2021,2145.67
7/10/2021,2110.47
7/11/2021,2140.45
7/12/2021,2032.88
7/13/2021,1940.61
7/14/2021,1994.22
7/15/2021,1918.17
7/16/2021,1877.05
7/17/2021,1899.96
7/18/2021,1891.96
7/19/2021,1818.6
7/20/2021,1786.52
7/21/2021,1994.98
7/22/2021,2024.74
7/23/2021,2125.57
7/24/2021,2185.98
7/25/2021,2194.34
7/26/2021,2228.67
7/27/2021,2301.98
7/28/2021,2301.12
7/29/2021,2383.24
7/30/2021,2470.76
7/31/2021,2531.75
8/1/2021,2556.41
8/2/2021,2608.44
8/3/2021,2508.21
8/4/2021,2725.72
8/5/2021,2829.23
8/6/2021,2892.36
8/7/2021,3162.43
8/8/2021,3013.75
8/9/2021,3164.94
8/10/2021,3141.67
8/11/2021,3168.24
8/12/2021,3047.29
8/13/2021,3324.26
8/14/2021,3266.71
8/15/2021,3311.12
8/16/2021,3147.63
8/17/2021,3011.96
8/18/2021,3013.52
8/19/2021,3184.74
8/20/2021,3286.5
8/21/2021,3226.59
8/22/2021,3241.65
8/23/2021,3322.71
8/24/2021,3172.57
8/25/2021,3228.86
8/26/2021,3093.62
8/27/2021,3275.87
8/28/2021,3246.78
8/29/2021,3225.3
8/30/2021,3228.46
8/31/2021,3435.17
9/1/2021,3829.18
9/2/2021,3787.7
9/3/2021,3939.79
9/4/2021,3887.01
9/5/2021,3952.33
9/6/2021,3928.4
9/7/2021,3433.48
9/8/2021,3499.69
9/9/2021,3424.24
9/10/2021,3209.41
9/11/2021,3266.43
9/12/2021,3405.32
9/13/2021,3285.4
9/14/2021,3436.05
9/15/2021,3615.22
9/16/2021,3569.26
9/17/2021,3398.82
9/18/2021,3435.76
9/19/2021,3328.85
9/20/2021,2966.51
9/21/2021,2760.2
9/22/2021,3078.88
9/23/2021,3154.62
9/24/2021,2930.86
9/25/2021,2925.34
9/26/2021,3064.21
9/27/2021,2927.73
9/28/2021,2807.44
9/29/2021,2850.87
9/30/2021,3000.83
10/1/2021,3310.63
10/2/2021,3389.48
10/3/2021,3420.14
10/4/2021,3384.5
10/5/2021,3516.09
10/6/2021,3576.08
10/7/2021,3588.2
10/8/2021,3562.84
10/9/2021,3576.4
10/10/2021,3416.49
10/11/2021,3544.14
10/12/2021,3490.61
10/13/2021,3607.55
10/14/2021,3791.23
10/15/2021,3868.16
10/16/2021,3829.61
10/17/2021,3846.66
10/18/2021,3746.14
10/19/2021,3877.45
10/20/2021,4162.49
10/21/2021,4062.76
10/22/2021,3971.95
10/23/2021,4168.96
10/24/2021,4082.08
10/25/2021,4220.26
10/26/2021,4129.95
10/27/2021,3924.31
10/28/2021,4288.22
10/29/2021,4417.4
10/30/2021,4323.94
10/31/2021,4290.1
11/1/2021,4322.79
11/2/2021,4593.15
11/3/2021,4604.4
11/4/2021,4536.99
11/5/2021,4480.09
11/6/2021,4521.41
11/7/2021,4617.13
11/8/2021,4810.97
11/9/2021,4732.07
11/10/2021,4632.98
11/11/2021,4722.68
11/12/2021,4668.7
11/13/2021,4645.64
11/14/2021,4627.5
11/15/2021,4561.38
11/16/2021,4210.14
11/17/2021,4289.75
11/18/2021,3998.17
11/19/2021,4299.27
11/20/2021,4415.72
11/21/2021,4264.61
11/22/2021,4090.46
11/23/2021,4341.17
11/24/2021,4271.96
11/25/2021,4523.8
11/26/2021,4042.55
11/27/2021,4100.3
11/28/2021,4297.92
11/29/2021,4448.49
11/30/2021,4642.38
12/1/2021,4580.57
12/2/2021,4514.8
12/3/2021,4219.32
12/4/2021,4124.26
12/5/2021,4201.09
12/6/2021,4357.17
12/7/2021,4309.7
12/8/2021,4439.98
12/9/2021,4111.92
12/10/2021,3902.49
12/11/2021,4088.68
12/12/2021,4135.31
12/13/2021,3785.08
12/14/2021,3862.18
12/15/2021,4020.19
12/16/2021,3957.03
12/17/2021,3876.37
12/18/2021,3961.96
12/19/2021,3924.55
12/20/2021,3945.57
12/21/2021,4017.7
12/22/2021,3982.7
12/23/2021,4112.35
12/24/2021,4047.87
12/25/2021,4109.25
12/26/2021,4063.44
12/27/2021,4037.87
12/28/2021,3793.54
12/29/2021,3629.31
12/30/2021,3710.08
12/31/2021,3675.79
1/1/2022,3766.74
1/2/2022,3830.92
1/3/2022,3765.16
1/4/2022,3785.67
1/5/2022,3536.77
1/6/2022,3406.48
1/7/2022,3196.47
1/8/2022,3080.81
1/9/2022,3150.83
1/10/2022,3083.68
1/11/2022,3240.32
1/12/2022,3373.03
1/13/2022,3242.26
1/14/2022,3309.66
1/15/2022,3328.63
1/16/2022,3349.61
1/17/2022,3210.9
1/18/2022,3161.5
1/19/2022,3084.78
1/20/2022,3002.43
1/21/2022,2569.59
1/22/2022,2412.23
1/23/2022,2541.6
1/24/2022,2442.27
1/25/2022,2459.65
1/26/2022,2464.13
1/27/2022,2425.83
1/28/2022,2547.03
1/29/2022,2603.1
1/30/2022,2603.24
1/31/2022,2689.14
2/1/2022,2790.15
2/2/2022,2681.11
2/3/2022,2697.18
2/4/2022,2997.18
2/5/2022,3015.26
2/6/2022,3057.68
2/7/2022,3141.38
2/8/2022,3118.76
2/9/2022,3246.72
2/10/2022,3074.84
2/11/2022,2928.93
2/12/2022,2918.34
2/13/2022,2872.44
2/14/2022,2931.12
2/15/2022,3185.81
2/16/2022,3124.33
2/17/2022,2894.42
2/18/2022,2780.72
2/19/2022,2764.5
2/20/2022,2622.7
2/21/2022,2570.15
2/22/2022,2638.81
2/23/2022,2580.97
2/24/2022,2597.94
2/25/2022,2769
2/26/2022,2780.32
2/27/2022,2617.32
2/28/2022,2919.85
3/1/2022,2976.59
3/2/2022,2948.63
3/3/2022,2833.71
3/4/2022,2622.51
3/5/2022,2666.18
3/6/2022,2552.58
3/7/2022,2496.67
3/8/2022,2579.18
3/9/2022,2733.05
3/10/2022,2608.64
3/11/2022,2557.57
3/12/2022,2569.87
3/13/2022,2516.83
3/14/2022,2591.45
3/15/2022,2619.61
3/16/2022,2775.15
3/17/2022,2816.26
3/18/2022,2941.32
3/19/2022,2952.64
3/20/2022,2861.26
3/21/2022,2895.01
3/22/2022,2970.47
3/23/2022,3032.98
3/24/2022,3112.85
3/25/2022,3104.04
3/26/2022,3146.36
3/27/2022,3296.46
3/28/2022,3334.29
3/29/2022,3402.62
3/30/2022,3385.11
3/31/2022,3282.78
4/1/2022,3455.72
4/2/2022,3444.68
4/3/2022,3522.49
4/4/2022,3520.15
4/5/2022,3406.48
4/6/2022,3168.91
4/7/2022,3229.28
4/8/2022,3192.92
4/9/2022,3259.62
4/10/2022,3202.89
4/11/2022,2979.52
4/12/2022,3028.77
4/13/2022,3118.5
4/14/2022,3021.76
4/15/2022,3041.21
4/16/2022,3060.28
4/17/2022,2988.4
4/18/2022,3056.2
4/19/2022,3102.52
4/20/2022,3077.74
4/21/2022,2984.24
4/22/2022,2963.17
4/23/2022,2933.65
4/24/2022,2922.37
4/25/2022,3006.45
4/26/2022,2809.6
4/27/2022,2889.72
4/28/2022,2936.49
4/29/2022,2817.23
4/30/2022,2727.87
5/1/2022,2826.04
5/2/2022,2856.12
5/3/2022,2780.63
5/4/2022,2940.31
5/5/2022,2747.28
5/6/2022,2692.08
5/7/2022,2635.19
5/8/2022,2519.08
5/9/2022,2230.95
5/10/2022,2341.58
5/11/2022,2077.83
5/12/2022,1952.81
5/13/2022,2006.51
5/14/2022,2054.03
5/15/2022,2143.12
5/16/2022,2020.12
5/17/2022,2089.29
5/18/2022,1911.68
5/19/2022,2017.78
5/20/2022,1956.88
5/21/2022,1972.18
5/22/2022,2041.08
5/23/2022,1970.7
5/24/2022,1977.85
5/25/2022,1941.04
5/26/2022,1791
5/27/2022,1724.73
5/28/2022,1790.79
5/29/2022,1811.69
5/30/2022,1997.64
5/31/2022,1940.59
6/1/2022,1817.42
6/2/2022,1833.26
6/3/2022,1773.59
6/4/2022,1803.65
6/5/2022,1804.7
6/6/2022,1858.56
6/7/2022,1812.7
6/8/2022,1791.03
6/9/2022,1787.71
6/10/2022,1661.1
6/11/2022,1530.28
6/12/2022,1434.02
6/13/2022,1209.12
6/14/2022,1206.94
6/15/2022,1236.89
6/16/2022,1067.1
6/17/2022,1085.21
6/18/2022,994.41
6/19/2022,1127.03
6/20/2022,1126.99
6/21/2022,1124.71
6/22/2022,1048.3
6/23/2022,1143.46
6/24/2022,1224.12
6/25/2022,1241
6/26/2022,1198.25
6/27/2022,1190.73
6/28/2022,1142.41
6/29/2022,1098.71
6/30/2022,1069.53
7/1/2022,1058.01
7/2/2022,1065.69
7/3/2022,1072.95
7/4/2022,1149.81
7/5/2022,1131.96
7/6/2022,1185.41
7/7/2022,1236.64
7/8/2022,1214
7/9/2022,1216.53
7/10/2022,1167.31
7/11/2022,1095.67
7/12/2022,1037.37
7/13/2022,1114.57
7/14/2022,1192.56
7/15/2022,1231.23
7/16/2022,1356.31
7/17/2022,1337.97
7/18/2022,1583.55
7/19/2022,1543.12
7/20/2022,1521.72
7/21/2022,1575.68
7/22/2022,1535.71
7/23/2022,1549.19
7/24/2022,1597.72
7/25/2022,1438.01
7/26/2022,1449.61
7/27/2022,1636.88
7/28/2022,1725.82
7/29/2022,1722.28
7/30/2022,1697.52
7/31/2022,1679.55
8/1/2022,1630.62
8/2/2022,1631.11
8/3/2022,1618.68
8/4/2022,1607.96
8/5/2022,1736.78
8/6/2022,1690.67
8/7/2022,1700.54
8/8/2022,1777.99
8/9/2022,1703.41
8/10/2022,1854.05
8/11/2022,1881.06
8/12/2022,1959.26
8/13/2022,1984.29
8/14/2022,1936.02
8/15/2022,1899.64
8/16/2022,1877.16
8/17/2022,1834.04
8/18/2022,1846.36
8/19/2022,1609.05
8/20/2022,1575.73
8/21/2022,1617.86
8/22/2022,1624.65
8/23/2022,1664.76
8/24/2022,1656.52
8/25/2022,1695.85
8/26/2022,1508.09
8/27/2022,1491.26
8/28/2022,1426.4
8/29/2022,1552.4
8/30/2022,1524.62
8/31/2022,1554.16
9/1/2022,1585.98
9/2/2022,1574.02
9/3/2022,1557.54
9/4/2022,1579.06
9/5/2022,1617.5
9/6/2022,1558.9
9/7/2022,1630
9/8/2022,1635.6
9/9/2022,1719.35
9/10/2022,1774.69
9/11/2022,1767.02
9/12/2022,1716.53
9/13/2022,1574.56
9/14/2022,1639.6
9/15/2022,1472.51
9/16/2022,1433.97
9/17/2022,1469.05
9/18/2022,1334.3
9/19/2022,1376.21
9/20/2022,1323.07
9/21/2022,1246.29
9/22/2022,1326.15
9/23/2022,1326.95
9/24/2022,1317.11
9/25/2022,1294.72
9/26/2022,1336.65
9/27/2022,1328.11
9/28/2022,1337.15
9/29/2022,1335.9
9/30/2022,1328.7
10/1/2022,1311.8
10/2/2022,1276.69
10/3/2022,1323.32
10/4/2022,1361.9
10/5/2022,1352.44
10/6/2022,1352.4
10/7/2022,1331.14
10/8/2022,1315.47
10/9/2022,1323.41
10/10/2022,1290.04
10/11/2022,1279.79
10/12/2022,1294.29
10/13/2022,1287.51
10/14/2022,1296.63
10/15/2022,1274.91
10/16/2022,1305.87
10/17/2022,1331.52
10/18/2022,1310.78
10/19/2022,1284.85
10/20/2022,1282.68
10/21/2022,1299.88
10/22/2022,1313.91
10/23/2022,1364.2
10/24/2022,1343.83
10/25/2022,1460.37
10/26/2022,1566.85
10/27/2022,1514.35
10/28/2022,1555.12
10/29/2022,1620.42
10/30/2022,1590.93
10/31/2022,1572.88
11/1/2022,1578.51
11/2/2022,1518.33
11/3/2022,1530.87
11/4/2022,1645.06
11/5/2022,1627.42
11/6/2022,1568.75
11/7/2022,1568.45
11/8/2022,1334.22
11/9/2022,1104.17
11/10/2022,1296.01
11/11/2022,1285.23
11/12/2022,1254.95
11/13/2022,1219.85
11/14/2022,1241.39
11/15/2022,1252
11/16/2022,1215.24
11/17/2022,1199.45
11/18/2022,1210.98
11/19/2022,1216.52
11/20/2022,1140.47
11/21/2022,1105.99
11/22/2022,1137.75
11/23/2022,1183.69
11/24/2022,1202.96
11/25/2022,1198.4
11/26/2022,1204.94
11/27/2022,1193.2
11/28/2022,1167.3
11/29/2022,1215.7
11/30/2022,1294.92
12/1/2022,1276.36
12/2/2022,1295.61
12/3/2022,1241.13
12/4/2022,1279.89
12/5/2022,1258.65
12/6/2022,1271.38
12/7/2022,1231.35
12/8/2022,1280.28
12/9/2022,1262.95
12/10/2022,1266.34
12/11/2022,1263.27
12/12/2022,1275.37
12/13/2022,1320.43
12/14/2022,1307.5
12/15/2022,1266.59
12/16/2022,1167.85
12/17/2022,1187.11
12/18/2022,1183.19
12/19/2022,1167.68
12/20/2022,1217.55
12/21/2022,1213.84
12/22/2022,1217.51
12/23/2022,1219.97
12/24/2022,1220.49
12/25/2022,1218.3
12/26/2022,1227.3
12/27/2022,1211.07
12/28/2022,1189.27
12/29/2022,1200.06
12/30/2022,1199.12
12/31/2022,1195
1/1/2023,1200.1
1/2/2023,1213.98
1/3/2023,1214.11
1/4/2023,1256.42
1/5/2023,1250.73
1/6/2023,1268.71
1/7/2023,1263.86
1/8/2023,1288.62
1/9/2023,1320.11
1/10/2023,1335.42
1/11/2023,1388.95
1/12/2023,1416.05
1/13/2023,1451.18
1/14/2023,1550.07
1/15/2023,1552.71
1/16/2023,1577.02
1/17/2023,1565.15
1/18/2023,1512.28
1/19/2023,1551.2
1/20/2023,1659.02
1/21/2023,1626.68
1/22/2023,1627.79
1/23/2023,1626.47
1/24/2023,1556.12
1/25/2023,1610.94
1/26/2023,1601.35
1/27/2023,1597.86
1/28/2023,1572.46
1/29/2023,1645.46
1/30/2023,1566.49
1/31/2023,1585.47
2/1/2023,1641.61
2/2/2023,1642.74
2/3/2023,1663.97
2/4/2023,1666.89
2/5/2023,1629.8
2/6/2023,1614.31
2/7/2023,1671.61
2/8/2023,1650.95
2/9/2023,1545.78
2/10/2023,1513.79
2/11/2023,1538.79
2/12/2023,1515.42
2/13/2023,1506.37
2/14/2023,1556.14
2/15/2023,1675.34
2/16/2023,1638.41
2/17/2023,1694.3
2/18/2023,1691.98
2/19/2023,1681.25
2/20/2023,1703.53
2/21/2023,1659.64
2/22/2023,1643.28
2/23/2023,1650.59
2/24/2023,1607.86
2/25/2023,1594.76
2/26/2023,1641.47
2/27/2023,1633.45
2/28/2023,1604.71
3/1/2023,1665.59
3/2/2023,1647.77
3/3/2023,1569.61
3/4/2023,1566.92
3/5/2023,1564.75
3/6/2023,1565.91
3/7/2023,1561.63
3/8/2023,1532.6
3/9/2023,1437.65
3/10/2023,1431.49
3/11/2023,1483.07
3/12/2023,1591.33
3/13/2023,1681.01
3/14/2023,1705.17
3/15/2023,1656.21
3/16/2023,1677
3/17/2023,1793.32
3/18/2023,1763.2
3/19/2023,1785
3/20/2023,1738.45
3/21/2023,1807.45
3/22/2023,1738.86
3/23/2023,1817.28
3/24/2023,1751.74
3/25/2023,1743.88
3/26/2023,1775.76
3/27/2023,1716.16
3/28/2023,1773.53
3/29/2023,1793.51
3/30/2023,1794.03
3/31/2023,1822.21
4/1/2023,1821.54
4/2/2023,1795.54
4/3/2023,1811
4/4/2023,1871.62
4/5/2023,1909.49
4/6/2023,1873.09
4/7/2023,1864.8
4/8/2023,1849.9
4/9/2023,1859.71
4/10/2023,1911.12
4/11/2023,1891.58
4/12/2023,1918.78
4/13/2023,2013.84
4/14/2023,2101.61
4/15/2023,2092.42
4/16/2023,2120.19
4/17/2023,2075.87
4/18/2023,2104.28
4/19/2023,1936.48
4/20/2023,1943.17
4/21/2023,1849.16
4/22/2023,1874.46
4/23/2023,1862.42
4/24/2023,1842.51
4/25/2023,1866.48
4/26/2023,1866.8
4/27/2023,1909.41
4/28/2023,1892.75
4/29/2023,1909.22
4/30/2023,1870.13
5/1/2023,1831.54
5/2/2023,1871.77
5/3/2023,1905.9
5/4/2023,1878.56
5/5/2023,1996.34
5/6/2023,1901.99
5/7/2023,1879.53
5/8/2023,1853.92
5/9/2023,1849.03
5/10/2023,1842.72
5/11/2023,1795.53
5/12/2023,1808.22
5/13/2023,1796.24
5/14/2023,1800.22
5/15/2023,1816.85
5/16/2023,1824.52
5/17/2023,1822.22
5/18/2023,1800.56
5/19/2023,1812.73
5/20/2023,1820.02
5/21/2023,1805.42
5/22/2023,1817.8
5/23/2023,1854.47
5/24/2023,1799.99
5/25/2023,1806.11
5/26/2023,1828.69
5/27/2023,1830.95
5/28/2023,1909.21
5/29/2023,1893.01
5/30/2023,1901.24
5/31/2023,1874.04
6/1/2023,1862.13
6/2/2023,1907.37
6/3/2023,1892.61
6/4/2023,1890.3
6/5/2023,1842.44
6/6/2023,1886.16
6/7/2023,1832.43
6/8/2023,1846.21
6/9/2023,1840.48
6/10/2023,1752.48
6/11/2023,1753.15
6/12/2023,1742.62
6/13/2023,1739.25
6/14/2023,1650.7
6/15/2023,1665.41
6/16/2023,1716.91
6/17/2023,1727.25
6/18/2023,1720.48
6/19/2023,1736.73
6/20/2023,1792.69
6/21/2023,1889.69
6/22/2023,1872.42
6/23/2023,1893.48
6/24/2023,1875.93
6/25/2023,1899.46
6/26/2023,1859.19
6/27/2023,1889.74
6/28/2023,1827.52
6/29/2023,1851.93
6/30/2023,1933.48
7/1/2023,1924.3
7/2/2023,1937.44
7/3/2023,1955.83
7/4/2023,1936.34
7/5/2023,1910.28
7/6/2023,1846.86
7/7/2023,1870.73
7/8/2023,1865.62
7/9/2023,1863.11
7/10/2023,1880.69
7/11/2023,1878.6
7/12/2023,1871.86
7/13/2023,2005.66
7/14/2023,1939.13
7/15/2023,1931.9
7/16/2023,1923.33
7/17/2023,1911.51
7/18/2023,1897.93
7/19/2023,1888.88
7/20/2023,1891.68
7/21/2023,1891.91
7/22/2023,1866.26
7/23/2023,1888.7
7/24/2023,1849.84
7/25/2023,1857.52
7/26/2023,1871.94
7/27/2023,1860.95
7/28/2023,1874.31
7/29/2023,1880.94
7/30/2023,1861.71
7/31/2023,1856.07
8/1/2023,1872.94
8/2/2023,1839.06
8/3/2023,1834.44
8/4/2023,1827.52
8/5/2023,1834.91
8/6/2023,1827.82
8/7/2023,1827.07
8/8/2023,1855.73
8/9/2023,1854.13
8/10/2023,1850.69
8/11/2023,1847.01
8/12/2023,1849.05
8/13/2023,1839.1
8/14/2023,1844.02
8/15/2023,1827.22
8/16/2023,1805.68
8/17/2023,1681.86
8/18/2023,1661.06
8/19/2023,1669.67
8/20/2023,1685.38
8/21/2023,1667.27
8/22/2023,1634.2
8/23/2023,1679.48
8/24/2023,1660.49
8/25/2023,1652.94
8/26/2023,1646.3
8/27/2023,1657.6
8/28/2023,1652.23
8/29/2023,1729.47
8/30/2023,1705.54
8/31/2023,1645.67
9/1/2023,1628.5
9/2/2023,1636.88
9/3/2023,1635.73
9/4/2023,1629.77
9/5/2023,1633.84
9/6/2023,1632.35
9/7/2023,1647.63
9/8/2023,1636.13
9/9/2023,1635.28
9/10/2023,1616.8
9/11/2023,1551.73
9/12/2023,1593.01
9/13/2023,1607.99
9/14/2023,1627.01
9/15/2023,1641.48
9/16/2023,1634.86
9/17/2023,1623.06
9/18/2023,1637.93
9/19/2023,1643.51
9/20/2023,1622.39
9/21/2023,1584.04
9/22/2023,1593.09
9/23/2023,1593.91
9/24/2023,1580.82
9/25/2023,1587.98
9/26/2023,1593.27
9/27/2023,1597.73
9/28/2023,1652.9
9/29/2023,1667.44
9/30/2023,1670.97
10/1/2023,1733.44
10/2/2023,1662.8
10/3/2023,1656.96
10/4/2023,1646.79
10/5/2023,1611.72
10/6/2023,1645.93
10/7/2023,1634.64
10/8/2023,1633.61
10/9/2023,1580.25
10/10/2023,1567.68
10/11/2023,1566.52
10/12/2023,1539.43
10/13/2023,1552.12
10/14/2023,1555.02
10/15/2023,1557.99
10/16/2023,1600.09
10/17/2023,1565.4
10/18/2023,1563.66
10/19/2023,1567.55
10/20/2023,1604.86
10/21/2023,1629.44
10/22/2023,1664.18
10/23/2023,1766.32
10/24/2023,1785.2
10/25/2023,1787.67
10/26/2023,1803.72
10/27/2023,1779.98
10/28/2023,1776.59
10/29/2023,1795.69
10/30/2023,1809.85
10/31/2023,1815.45
11/1/2023,1847.63
11/2/2023,1801.34
11/3/2023,1833.71
11/4/2023,1857.23
11/5/2023,1893.28
11/6/2023,1901.65
11/7/2023,1886.12
11/8/2023,1889.05
11/9/2023,2121.13
11/10/2023,2078.52
11/11/2023,2053.53
11/12/2023,2045.4
11/13/2023,2059.9
11/14/2023,1979.66
11/15/2023,2059.63
11/16/2023,1961.54
11/17/2023,1961.61
11/18/2023,1963.67
11/19/2023,2012.46
11/20/2023,2022.62
11/21/2023,1933.76
11/22/2023,2064.08
11/23/2023,2062.63
11/24/2023,2082.24
11/25/2023,2084.06
11/26/2023,2063.01
11/27/2023,2027.67
11/28/2023,2049.1
11/29/2023,2029.17
11/30/2023,2052.93
12/1/2023,2088.21
12/2/2023,2165.6
12/3/2023,2193.78
12/4/2023,2243.25
12/5/2023,2293.88
12/6/2023,2232.96
12/7/2023,2356.77
12/8/2023,2358.94
12/9/2023,2341.13
12/10/2023,2352.31
12/11/2023,2224.1
12/12/2023,2202.33
12/13/2023,2260.72
12/14/2023,2316.03
12/15/2023,2220.32
12/16/2023,2227.14
12/17/2023,2194.84
12/18/2023,2218.75
12/19/2023,2177.38
12/20/2023,2202.03
12/21/2023,2239.88
12/22/2023,2326.53
12/23/2023,2309.54
12/24/2023,2265.42
12/25/2023,2271.75
12/26/2023,2230.94
12/27/2023,2380.34
12/28/2023,2345.44
12/29/2023,2299.64
12/30/2023,2291.65
12/31/2023,2281.36
1/1/2024,2352.65
1/2/2024,2356.28
1/3/2024,2210.57
1/4/2024,2269.47
1/5/2024,2270.21
1/6/2024,2241.73
1/7/2024,2222.73
1/8/2024,2332.66
1/9/2024,2344.97
1/10/2024,2584.69
1/11/2024,2618.71
1/12/2024,2522.11
1/13/2024,2577.89
1/14/2024,2470.94
1/15/2024,2510.12
1/16/2024,2586.91
1/17/2024,2528.09
1/18/2024,2468.6
1/19/2024,2490.05
1/20/2024,2470.31
1/21/2024,2455.35
1/22/2024,2311.54
1/23/2024,2241.32
1/24/2024,2234.13
1/25/2024,2217.5
1/26/2024,2267.33
1/27/2024,2267.97
1/28/2024,2256.6
1/29/2024,2317.51
1/30/2024,2343.1
1/31/2024,2281.77
2/1/2024,2303.34
2/2/2024,2307.85
2/3/2024,2295.87
2/4/2024,2288.68
2/5/2024,2299.16
2/6/2024,2372.2
2/7/2024,2424.33
2/8/2024,2419.79
2/9/2024,2487.62
2/10/2024,2500.87
2/11/2024,2507.91
2/12/2024,2660.56
2/13/2024,2641.6
2/14/2024,2777.51
2/15/2024,2825.35
2/16/2024,2804.05
2/17/2024,2787
2/18/2024,2881.4
2/19/2024,2945
2/20/2024,3015.27
2/21/2024,2968.67
2/22/2024,2969.67
2/23/2024,2922.1
2/24/2024,2992.35
2/25/2024,3112.81
2/26/2024,3178.24
2/27/2024,3243.69
2/28/2024,3386.34
2/29/2024,3342.24
3/1/2024,3435.9
3/2/2024,3422.26
3/3/2024,3489.57
3/4/2024,3631.85
3/5/2024,3557.93
3/6/2024,3821.19
3/7/2024,3874.46
3/8/2024,3891.97
3/9/2024,3913.28
3/10/2024,3881.86
3/11/2024,4065.75
3/12/2024,3979.43
3/13/2024,4011.85
3/14/2024,3880.8
3/15/2024,3742.44
3/16/2024,3520.08
3/17/2024,3641.61
3/18/2024,3520.31
3/19/2024,3158.44
3/20/2024,3516.66
3/21/2024,3492.08
3/22/2024,3337.08
3/23/2024,3330.49
3/24/2024,3454.45
3/25/2024,3590.96
3/26/2024,3587.6
3/27/2024,3499.77
3/28/2024,3561.1
3/29/2024,3511.49
3/30/2024,3507.56
3/31/2024,3645.98
4/1/2024,3505.52
4/2/2024,3279.4
4/3/2024,3312.24
4/4/2024,3329.17
4/5/2024,3319.12
4/6/2024,3352.4
4/7/2024,3453.85
4/8/2024,3694.7
4/9/2024,3504.83
4/10/2024,3545.56
4/11/2024,3503.21
4/12/2024,3239.12
4/13/2024,3011.51
4/14/2024,3158.26
4/15/2024,3103
4/16/2024,3085.42
4/17/2024,2985.12
4/18/2024,3065.69
4/19/2024,3057.95
4/20/2024,3157.04
4/21/2024,3148.11
4/22/2024,3201.55
4/23/2024,3219.78
4/24/2024,3139.1
4/25/2024,3155.47
4/26/2024,3130.07
4/27/2024,3253.23
4/28/2024,3262.43
4/29/2024,3215.73
4/30/2024,3011.46
5/1/2024,2968.82
5/2/2024,2986.41
5/3/2024,3103.77
5/4/2024,3117.52
5/5/2024,3137.09
5/6/2024,3063.19
5/7/2024,3005.91
5/8/2024,2973.31
5/9/2024,3035.93
5/10/2024,2909.58
5/11/2024,2911.82
5/12/2024,2927.97
5/13/2024,2950.16
5/14/2024,2880.64
5/15/2024,3033.46
5/16/2024,2945.17
5/17/2024,3093.44
5/18/2024,3123.72
5/19/2024,3070.68
5/20/2024,3661.58
5/21/2024,3789.36
5/22/2024,3736.33
5/23/2024,3781.61
5/24/2024,3727.14
5/25/2024,3749.23
5/26/2024,3824.34
5/27/2024,3891.26
5/28/2024,3840.39
5/29/2024,3762.22
5/30/2024,3746.97
5/31/2024,3758.65
6/1/2024,3812.81
6/2/2024,3779.06
6/3/2024,3766.32
6/4/2024,3810.73
6/5/2024,3866.46
6/6/2024,3812.05
6/7/2024,3676.79
6/8/2024,3680.84
6/9/2024,3706
6/10/2024,3665.99
6/11/2024,3497.32
6/12/2024,3559.25
6/13/2024,3467.79
6/14/2024,3479.74
6/15/2024,3566.61
6/16/2024,3622.37
6/17/2024,3510.08
6/18/2024,3482.27
6/19/2024,3558.97
6/20/2024,3510.94
6/21/2024,3517.28
6/22/2024,3494.25
6/23/2024,3418.62
6/24/2024,3350.54
6/25/2024,3393.91
6/26/2024,3369.46
6/27/2024,3445.8
6/28/2024,3373.8
6/29/2024,3373.52
6/30/2024,3432.82
7/1/2024,3438.83
7/2/2024,3416.41
7/3/2024,3292.16
7/4/2024,3058.81
7/5/2024,2982.07
7/6/2024,3067.54
7/7/2024,2931.2
7/8/2024,3018.49
7/9/2024,3066.44
7/10/2024,3100.44
7/11/2024,3099.49
7/12/2024,3134.62
7/13/2024,3176.67
7/14/2024,3246.12
7/15/2024,3485.5
7/16/2024,3446.19
7/17/2024,3387.66
7/18/2024,3425.94
7/19/2024,3506
7/20/2024,3518.85
7/21/2024,3536.46
7/22/2024,3441.05
7/23/2024,3483.07
7/24/2024,3335.15
7/25/2024,3174.48
7/26/2024,3274.89
7/27/2024,3249.36
7/28/2024,3270.15
7/29/2024,3317.94
7/30/2024,3278.41
7/31/2024,3231.84
8/1/2024,3200.67
8/2/2024,2985.72
8/3/2024,2902.09
8/4/2024,2688.08
8/5/2024,2420.39
8/6/2024,2462.39
8/7/2024,2343.5
8/8/2024,2683.62
8/9/2024,2600.21
8/10/2024,2610.64
8/11/2024,2555.67
8/12/2024,2723.07
8/13/2024,2703.6
8/14/2024,2661.98
8/15/2024,2570.39
8/16/2024,2593.7
8/17/2024,2614.92
8/18/2024,2612.58
8/19/2024,2637.47
8/20/2024,2573.25
8/21/2024,2631.39
8/22/2024,2623.57
8/23/2024,2764.81
8/24/2024,2769.86
8/25/2024,2747.52
8/26/2024,2681.15
8/27/2024,2458.29
8/28/2024,2528.73
8/29/2024,2527.97
8/30/2024,2526.02
8/31/2024,2513.01
9/1/2024,2426.06
9/2/2024,2538.22
9/3/2024,2424.4
9/4/2024,2450.36
9/5/2024,2367.89
9/6/2024,2224.52
9/7/2024,2273.45
9/8/2024,2297.39
9/9/2024,2360
9/10/2024,2388.83
9/11/2024,2340.73
9/12/2024,2361.91
9/13/2024,2441.28
9/14/2024,2418.52
9/15/2024,2316.46
9/16/2024,2295.53
9/17/2024,2342.21
9/18/2024,2375.01
9/19/2024,2465.83
9/20/2024,2561.88
9/21/2024,2613.27
9/22/2024,2581.43
9/23/2024,2647.17
9/24/2024,2653.41
9/25/2024,2579.69
9/26/2024,2632.81
9/27/2024,2695.48
9/28/2024,2676.03
9/29/2024,2658.08
9/30/2024,2601.63
10/1/2024,2447.54
10/2/2024,2363.64
10/3/2024,2349.81
10/4/2024,2414.67
10/5/2024,2414.79
10/6/2024,2439.96
10/7/2024,2422.14
10/8/2024,2439.67
10/9/2024,2368.44
10/10/2024,2384.4
10/11/2024,2439.03
10/12/2024,2475.93
10/13/2024,2468.12
10/14/2024,2629.02
10/15/2024,2606.92
10/16/2024,2610.95
10/17/2024,2605.1
10/18/2024,2642.22
10/19/2024,2648.12
10/20/2024,2746.4
10/21/2024,2665.9
10/22/2024,2621.31
10/23/2024,2522.33
10/24/2024,2534.54
10/25/2024,2436.2
10/26/2024,2479.7
10/27/2024,2505.21
10/28/2024,2565.82
10/29/2024,2638.16
10/30/2024,2658.35
10/31/2024,2515.04
11/1/2024,2510.39
11/2/2024,2493.41
11/3/2024,2456.66
11/4/2024,2396.87
11/5/2024,2422.4
11/6/2024,2724.61
11/7/2024,2897.52
11/8/2024,2963.98
11/9/2024,3127.99
11/10/2024,3186.06
11/11/2024,3375.79
11/12/2024,3256.98
11/13/2024,3191.32
11/14/2024,3059.11
11/15/2024,3091.03
11/16/2024,3134.46
11/17/2024,3076.78
11/18/2024,3209.54
11/19/2024,3112.1
11/20/2024,3072.39
11/21/2024,3359.82
11/22/2024,3331.89
11/23/2024,3397.31
11/24/2024,3364.81
11/25/2024,3414.86
11/26/2024,3323.46
11/27/2024,3657.71
11/28/2024,3579.62
11/29/2024,3593.72
11/30/2024,3706.22
12/1/2024,3710.38
12/2/2024,3644.73
12/3/2024,3617.6
12/4/2024,3845.15
12/5/2024,3789.23
12/6/2024,4005.27
12/7/2024,4000.53
12/8/2024,4007.11
12/9/2024,3714.19
12/10/2024,3630.62
12/11/2024,3834.97
12/12/2024,3882.65
12/13/2024,3907.67
12/14/2024,3869.58
12/15/2024,3957.8
12/16/2024,3987.5
12/17/2024,3893.55
12/18/2024,3624.67
12/19/2024,3414.47
12/20/2024,3470.82
12/21/2024,3337.38
12/22/2024,3278.9
12/23/2024,3418.24
12/24/2024,3491.08
12/25/2024,3494.17
12/26/2024,3331.04
12/27/2024,3328.67
12/28/2024,3397.86
12/29/2024,3350.43
12/30/2024,3356.45
12/31/2024,3331.15
1/1/2025,3353.28
1/2/2025,3452.59
1/3/2025,3607.83
1/4/2025,3656.45
1/5/2025,3635.29
1/6/2025,3688.83
1/7/2025,3380.43
1/8/2025,3326.54
1/9/2025,3219.05
1/10/2025,3266.41
1/11/2025,3281.96
1/12/2025,3266.23
1/13/2025,3136.46
1/14/2025,3224.35
1/15/2025,3451.52
1/16/2025,3307.52
1/17/2025,3475.27
1/18/2025,3304.42
1/19/2025,3210.82
1/20/2025,3280.4
1/21/2025,3327.64
1/22/2025,3241.51
1/23/2025,3338.7
1/24/2025,3309.74
1/25/2025,3318.45
1/26/2025,3231.79
1/27/2025,3181.65
1/28/2025,3075.83
1/29/2025,3114.1
1/30/2025,3247.4
1/31/2025,3300.04
2/1/2025,3116.61
2/2/2025,2869.16
2/3/2025,2883.08
2/4/2025,2732.09
2/5/2025,2788.52
2/6/2025,2686.96
2/7/2025,2622.67
2/8/2025,2632.76
2/9/2025,2627.84
2/10/2025,2661.94
2/11/2025,2602.22
2/12/2025,2738.57
2/13/2025,2676.25
2/14/2025,2726.02
2/15/2025,2693.56
2/16/2025,2661.59
2/17/2025,2744.13
2/18/2025,2670.43
2/19/2025,2715.47
2/20/2025,2738.98
2/21/2025,2661.6
2/22/2025,2763.54
2/23/2025,2819.92
2/24/2025,2513.65
2/25/2025,2492.48
2/26/2025,2333.12
2/27/2025,2305.51
2/28/2025,2236.53
3/1/2025,2216.72
3/2/2025,2518.51
3/3/2025,2147.5
3/4/2025,2171.13
3/5/2025,2241.7
3/6/2025,2202.6
3/7/2025,2140.93
3/8/2025,2203.24
3/9/2025,2020.01
3/10/2025,1864.38
3/11/2025,1922.98
3/12/2025,1907.9
3/13/2025,1863.87
3/14/2025,1911.53
3/15/2025,1937.46
3/16/2025,1886.94
3/17/2025,1926.41
3/18/2025,1931.53
3/19/2025,2056.92
3/20/2025,1982.66
3/21/2025,1965.08
3/22/2025,1980.4
3/23/2025,2006.05
3/24/2025,2081.53
3/25/2025,2066.62
3/26/2025,2009.64
3/27/2025,2003.3
3/28/2025,1896.15
3/29/2025,1827.68
3/30/2025,1807.48
3/31/2025,1822.14
4/1/2025,1905.23
4/2/2025,1794.63
4/3/2025,1816.31
4/4/2025,1816.25
4/5/2025,1805.19
4/6/2025,1579.65
4/7/2025,1552.42
4/8/2025,1472.15
4/9/2025,1669
4/10/2025,1521.51
4/11/2025,1566.02
4/12/2025,1643.84
4/13/2025,1597.18
4/14/2025,1623.79
4/15/2025,1588.7
4/16/2025,1577.24
4/17/2025,1583.68
4/18/2025,1588.56
4/19/2025,1612.74
4/20/2025,1587.31
